Netbios_Name01;SerialNumber01;
PC010001;CZC5141KRX;
PC010002;RUA40700GV;
PC010004;CZC538300P;
PC010007;CZC434400S;
PC010009;RUA33207FT;
PC010010;CZC4423DXN;
PC010011;CZC7467GKW;
PC010012;CZC4312FHM;
PC010013;;
PC010014;RUA409004H;
PC010016;CZC5383009;
PC010017;CZC4312F10;
PC010018;CZC731735X;
PC010019;CZC4344016;
PC010020;CZC4344095;
PC010022;CZC7357HRH;
PC010023;CZC6427FTZ;
PC010024;CZC5471MB8;
PC010025;RUA33703YM;
PC010027;CZC7457NBN;
PC010028;CZC4344014;
PC010031;RUA40700GG;
PC010032;CZC434400G;
PC010033;CZC434400T;
PC010035;CZC5382ZZX;
PC010037;CZC434408N;
PC010038;CZC4312F1P;
PC010039;RUA116008W;
PC010040;RUA13303C4;
PC010042;CZC42552NN;
PC010043;CZC7457NB0;
PC010044;CZC5382ZZT;
PC010045;RUA117000S;
PC010046;RUA33009ZL;
PC010049;CZC5021WQV;
PC010050;RUA2490606;
PC010052;CZC5471MD5;
PC010054;CZC5471MC3;
PC010055;RUA409004X;
PC010058;CZC4312F6R;
PC010059;CZC42552ND;
PC010060;RUA4090045;
PC010061;CZC5022415;
PC010063;RUA34700SV;
PC010064;CZC6337ZF5;
PC010065;CZC832769W;
PC010066;CZC5382ZZP;
PC010068;CZC4344021;
PC010069;RUA21004V0;
PC010070;CZC9485ZZH;
PC010071;CZC434408F;
PC010072;CZC434408G;
PC010073;CZC434401S;
PC010075;CZC4312F0L;
PC010083;RUA13303D9;
PC010090;CZC434408X;
PC010097;CZC75079MV;
PC010098;CZC74797HX;
PC010101;CZC7317395;
PC010106;CZC5383012;
PC010107;CZC4255582;
PC010118;CZC5471MC9;
PC010120;CZC61273WB;
PC010125;CZC42552QR;
PC010126;CZC6427FSH;
PC010127;CZC7508HS2;
PC010129;CZC9485ZZY;
PC010131;CZC4312FLK;
PC010132;CZC4312F0M;
PC010133;RUA3300824;
PC010134;CZC6427FV1;
PC010136;CZC434401L;
PC010138;CZC434401Z;
PC010139;CZC434409H;
PC010140;RUA252026F;
PC010144;RUA3370401;
PC010145;RUA33207C4;
PC010147;CZC6337Z8F;
PC010149;RUA21004V2;
PC010150;CZC7508J6R;
PC010153;RUA40700G8;
PC010154;RUA30602LX;
PC010155;CZC646BC06;
PC010156;CZC4344097;
PC010157;CZC4312FL7;
PC010158;CZC7197RYS;
PC010159;CZC434400Y;
PC010160;RUA21004WJ;
PC010161;CZC434406D;
PC010162;CZC642762F;
PC010163;RUA34700SS;
PC010166;CZC72772JZ;
PC010167;CZC6147F8T;
PC010168;CZC434400W;
PC010170;RUA40601GQ;
PC010173;NXVEPER0107410FE7A7600;
PC010174;CZC4312FKV;
PC010176;CZC434408T;
PC010177;CZC7197RZ0;
PC010178;CZC7197RYY;
PC010179;CZC5393GHD;
PC010180;RUA409005W;
PC010181;RUA32303YP;
PC010182;RUA32303ZS;
PC010183;CZC42552MT;
PC010185;CZC7357HLJ;
PC010186;CZC42552QC;
PC010187;RUA323040V;
PC010188;CZC5393GGK;
PC010189;CZC5393GGQ;
PC010190;CZC7197RYT;
PC010191;CZC7317358;
PC010192;CZC4312FGD;
PC010193;RUA33703Z1;
PC010194;RUA40201CF;
PC010195;CZC6427FRQ;
PC010196;CZC75079R0;
PC010201;CZC731735Q;
PC010203;RUA249061D;
PC010205;CZC7508HLN;
PC010207;CZC42552QH;
PC010209;CZC42552R2;
PC010213;CZC5051K50;
PC010214;RUA33703Z8;
PC010219;RUA117000L;
PC010220;CZC6427FRN;
PC010221;CZC642766L;
PC010222;CZC64276H1;
PC010225;RUA117000G;
PC010226;CZC5393GHV;
PC010228;CZC6427FRX;
PC010229;CZC4312FG6;
PC010230;CZC6427FVQ;
PC010232;RUA250059W;
PC010235;CZC7457RL0;
PC010237;RUA33009VP;
PC010240;RUA32303ZW;
PC010241;CZC42552RL;
PC010242;CZC434408S;
PC010243;RUA252026M;
PC010247;RUA3230416;
PC010264;CZC6427FRJ;
PC010265;CZC434406G;
PC010267;CZC5393GGZ;
PC010268;CZC42552S8;
PC010269;RUA21004WK;
PC010270;CZC6427630;
PC010271;CZC434400Q;
PC010275;CZC5471MB2;
PC010276;CZC4344012;
PC010277;RUA3300B23;
PC010278;RUA213037Q;
PC010280;CZC9495SP1;
PC010282;RUA2490607;
PC010283;CZC75079QC;
PC010284;CZC72772J8;
PC010289;RUA318045B;
PC010290;RUA318045S;
PC010291;CZC7197RYX;
PC010292;CZC6427622;
PC010293;RUA318044R;
PC010294;CZC75079RC;
PC010295;CZC6427FVH;
PC010296;RUA32303YD;
PC010297;RUA32303ZY;
PC010298;CZC75079RS;
PC010299;CZC8047JT8;
PC010300;CZC9485ZZ6;
PC010302;CZC5421096;
PC010303;CZC746954M;
PC010304;RUA318042N;
PC010305;RUA30602M1;
PC010306;CZC7457DF8;
PC010307;CZC6427FVD;
PC010308;RUA33009ZJ;
PC010310;RUA33009TN;
PC010311;RUA33009V9;
PC010312;CZC7457DDY;
PC010313;RUA33009V6;
PC010314;CZC4423DV5;
PC010315;CZC7357J1N;
PC010317;RUA3300B24;
PC010318;CZC4344087;
PC010320;RUA332076T;
PC010321;CZC502242Q;
PC010322;RUA332078S;
PC010323;RUA117000M;
PC010324;RUA332076W;
PC010325;CZC5471MBN;
PC010326;CZC538300C;
PC010327;CZC7357J0S;
PC010328;CZC5383011;
PC010329;RUA332077F;
PC010330;RUA33207FD;
PC010331;CZC5382ZZN;
PC010333;CZC42552S1;
PC010334;CZC5382ZZZ;
PC010335;RUA33703Z9;
PC010336;RUA33009Z0;
PC010337;RUA3300B1D;
PC010338;RUA332078V;
PC010339;CZC6427FTS;
PC010340;RUA34700RX;
PC010341;RUA34700VJ;
PC010342;RUA13303DK;
PC010343;CZC642761C;
PC010344;CZC434400D;
PC010345;CZC7467GKT;
PC010347;CZC5471MC7;
PC010348;RUA40201D2;
PC010349;RUA40201D4;
PC010350;RUA40201GR;
PC010352;RUA33009Z3;
PC010353;RUA33009VC;
PC010354;CZC7357HMD;
PC010355;CZC7197Q5J;
PC010357;RUA40201C4;
PC010359;CZC42552T0;
PC010360;CZC7508HQN;
PC010362;RUA12902H2;
PC010363;CZC5382ZZG;
PC010364;RUA249060N;
PC010365;CZC5471MBJ;
PC010366;CZC4312F1Y;
PC010367;CZC434401B;
PC010368;CZC75079ND;
PC010369;CZC434400N;
PC010370;CZC42555D2;
PC010371;CZC5141KRG;
PC010372;CZC5393GJ5;
PC010373;CZC5382ZZK;
PC010374;CZC434400R;
PC010375;CZC434402W;
PC010377;CZC5141KR3;
PC010378;CZC6427FTM;
PC010400;CZC5411J7J;
PC010401;CZC7197Q5R;
PC010402;CZC7197Q5Q;
PC010403;CZC731739H;
PC010406;CZC7508HJX;
PC010408;CZC42552T3;
PC010410;CZC4344001;
PC010411;CZC7457RMB;
PC010412;CZC7457DGP;
PC010413;CZC7457RM9;
PC010414;CZC5022413;
PC010415;RUA402018Y;
PC010416;RUA3230419;
PC010777;CZC75079R9;
PC012003;RUA249061C;
PC012004;CZC42552MH;
PC012005;CZC4255599;
PC012007;CZC42552RK;
PC012008;CZC9485ZX2;
PC012019;RUA11902VL;
PC012027;CZC42552TQ;
PC012031;CZC5411J73;
PC012033;RUA40700G5;
PC012034;CZC6427679;
PC012052;RUA323040R;
PC012053;RUA32303YF;
PC01BCP01;CZC6427FRQ;
PC01BCP03;CZC7317358;
PC01GOPRO;CZC4344093;
PC01RC0483A;RUA2490615;
PC01RC0483B;RUA308005R;
PC01RC0483C;CZC7508J72;
PC01RC0483D;CZC75079RP;
PC01RC0483E;RUA249061L;
PC01RC0483EMB;CZC5022417;
PC01RC0483F;RUA250059X;
PC01RC0483G;CZC42555DQ;
PC01RC0483H;RUA34700W6;
PC01RC0483I;CZC7357HWS;
PC01RC0483J;NXVEPER00974814F177600;
PC01RC0483K;RUA250059S;
PC01RC0483L;CND4349NLK;
PC01RC0483M;CZC4312F22;
PC01RC0483O;CZC7457DFP;
PC01RC0483P;CZC4312F12;
PC01RC0483S;CZC42552TN;
PC01RC0483Z;RUA2490616;
PC01RC0508A;CZC4477GR7;
PC01RC0508B;CZC4477GQ4;
PC01RC0508C;CZC4477GNV;
PC01RC0508E;CZC4477GP2;
PC01RC0508G;CZC4477GP4;
PC01RC0508M;CZC4477GNM;
PC01RC0508N;CZC4477GN0;
PC01RC0508N2;CND4355MQC;
PC01RC0508N4;CND4355MPS;
PC01RC0508O;CZC4477GPP;
PC01RC0508S;CZC4477GQ2;
PC01RC0508Z;CZC4477GMK;
PC01RC0700A;RUA32303YT;
PC01RC0700B;RUA249061N;
PC01RC0700C;CZC5393GGY;
PC01RC0700D;CZC42552R3;
PC01RC0700E;RUA249060T;
PC01RC0700EMB;CZC4312FHC;
PC01RC0700EMB2;CZC4312F0Y;
PC01RC0700F;RUA2490619;
PC01RC0700G;RUA2490617;
PC01RC0700H;CZC5393GH3;
PC01RC0700I;CZC434400L;
PC01RC0700J;CZC502243Z;
PC01RC0700K;RUA40201C9;
PC01RC0700N;CND4349NNM;
PC01RC0740A;RUA3370403;
PC01RC0740B;CZC4477GQB;
PC01RC0740C;RUA3080052;
PC01RC0740D;RUA30801DB;
PC01RC0740E;RUA308005S;
PC01RC0740F;RUA13303D7;
PC01RC0740G;RUA30801C6;
PC01RC0740H;CZC8047JTD;
PC01RC0740I;RUA30801C8;
PC01RC0740K;CZC7357HMX;
PC01RC0740L;CZC6427FRS;
PC01RC0740M;RUA33207FV;
PC01RC0740N1;WB06452876WB02052109;
PC01RC0740S;CZC4293GGN;
PC01RC0740Z;RUA30801C4;
PC01RC0790A;CZC6337ZFY;
PC01RC0790B;CZC6337ZG5;
PC01RC0790C;CZC642762W;
PC01RC0790D;CZC6427FR0;
PC01RC0790E;CZC64276CB;
PC01RC0790F;CZC6337ZDS;
PC01RC0790G;CZC64276DJ;
PC01RC0790H;CZC6337ZFW;
PC01RC0790J;RUA33009ZK;
PC01RC0790K;CZC72772JB;
PC01RC0790M;CZC434400P;
PC01RC0790N;NXVEPER00974814F0B7600;
PC01RC0790P;pcwva0ke26v3ht;
PC01RC0790R;PF0K0BTN;
PC01RC0790S;CZC434401J;
PC01RC0790Z;CZC6337ZB3;
PC01RC0831A;RUA3230412;
PC01RC0831B;RUA323040M;
PC01RC0831C;RUA318043N;
PC01RC0831D;RUA3230411;
PC01RC0831E;RUA249061B;
PC01RC0831F;RUA3230414;
PC01RC0831G;CZC7457NB8;
PC01RC0831H;CZC425558D;
PC01RC0831K;RUA318045G;
PC01RC0831N;CND4349NJ0;
PC01RC0831S;RUA318044P;
PC01RC0835A;RUA323040L;
PC01RC0835B;RUA32303Y9;
PC01RC0835C;RUA32303YG;
PC01RC0835D;RUA323040P;
PC01RC0835E;RUA32303YK;
PC01RC0835F;CZC7357J7B;
PC01RC0835G;RUA323040Q;
PC01RC0835H;CZC425559K;
PC01RC0835I;RUA33009ZH;
PC01RC0835K;CZC7118JK4;
PC01RC0835M;CZC7118JNF;
PC01RC0835N;CZC7118JK3;
PC01RC0835S;RUA323040W;
PC01RC0835Z;CZC7118JKX;
PC01SKUD-2900;CZC518046H;
PC01SKUD-2942;CZC518044L;
PC01VIDEO-29428;CZC434408D;
RCTR2BR6A;RUA409005N;
RCTR2BR6B;RUA409003B;
RCTR2BR6C;RUA409005S;
RCTR2BR6D;RUA409005R;
RCTR2BR6E;RUA4090039;
RCTR2BR6F;RUA409005V;
RCTR2BR6G;RUA409003D;
RCTR2BR6H;RUA409004Y;
RCTR2BR6I;RUA4090054;
RCTR2BR6J;RUA4090055;
RCTR2BR6K;RUA4090038;
RCTR2BR6L;RUA4090058;
RCTR2BR6O;CZC4344085;
RCTR2BR6Q;RUA20403M7;
RCTR2BR6R;RUA10402GG;
RCTR2BR6S;CZC0066QZ6;
S01ABS01; Inc.;
S01ARMSTAT;CZC64276H3;
S01BACKUP1;CZJ2511CZT;
S01BACKUP2;;
S01-CTX01; Inc.;
S01NNOV; Inc.;
S01NNOV02; Inc.;
S01OOU;RUA31000CY;
S01OPS-2900;329694-001;
S01OPS-2942;CZ2737029N;
S01SMS; Inc.;
S01SMS-0483;CZ140400X6;
S01SMS-0508;CZ14050046;
S01SMS-0700;CZC8265Q32;
S01SMS-0740;CZ3602WPLJ;
S01SMS-0790;CZ140400XZ;
S01SMS-0831;CZ140400W3;
S01SMS-0835;CZ1405004K;
S01UTA01;CZC64276H5;
S01UTA02;CZC6427FVB;
S01VCENTER01; Inc.;
S01VIDEO-05081;CZC439180P;
S01VIDEO-07401;CZC2365LRX;
S01VIDEO-07901;CZC5300T0B;
S01VIDEO-08311;CZC428325J;
S01VIDEO-08312;RUA22803WQ;
S01VIDEO-08351;CZC7139BW8;
S01VIDEO-290010;CZC5511P2C;
S01VIDEO-29002;RUA3300CD4;
S01VIDEO-29004;CZC2365LR7;
S01VIDEO-29005;CZC6407SZ3;
S01VIDEO-29006;RUA3300CD3;
S01VIDEO-29007;RUA33203RW;
S01VIDEO-29008;308329-001;
S01VIDEO-29009;345754-001;
S01VIDEO-29421;CZC4354Z6G;
S01VIDEO-29423;CZC42200XG;
S01VIDEO-29424;CZC33228JS;
S01VIDEO-29426;RUA229014C;
S01VIDEO-29427;CZC5511P2N;
S01VIDEO-29428;CZC540131R;
S01-WCTX02; Inc.;
